iter	Logloss
0	0.3570538415
1	0.3020613352
2	0.0262439092
3	0.3216978285
4	0.06400771671
5	0.1351905399
6	0.2800939772
7	0.02104720804
8	0.06353196038
